rxn_id,createdDate,updatedDate,abbreviation,description,formula,reversible,mcs,csecoida,notes,ref,ecnumber,metanetx,seed,keggId,rhea,miriam,keggorthology,cog,reconMap,reconMap3,organellemap,wikipedia,chodb_id,subsystem,massbalance,isHuman,isMicrobe,genename
12571,2018-05-31T16:06:56.524774Z,2019-02-01T14:50:59.230434Z,KARA3,"Ketol-acid reductoisomerase (2,3-dihydroxy-3-methylbutanoate)",23dhmb[c] + nadp[c] <=> 33hmeoxobut[c] + h[c] + nadph[c] ,1,,,,,1.1.1.86,MNXR74267,rxn03068,,,http://identifiers.org/vmhreaction/KARA3,K00053,COG0059,,,,,,"Valine, leucine, and isoleucine metabolism",1,False,True,g.239961.CDS.1176
12804,2018-05-31T16:06:56.524774Z,2019-02-01T15:00:44.492982Z,VALTA,Valine Transaminase,akg[c] + val_L[c] <=> 3mob[c] + glu_L[c] ,1,4.0,3A0000269,,"PMID:6933702,PMID:9165094","2.6.1.42, 2.6.1.6",MNXR96230,rxn00903,R01214,,http://identifiers.org/vmhreaction/VALTA,K00826,COG0115,VALTA,R_VALTA,,,VALTA,"Valine, leucine, and isoleucine metabolism",1,True,True,g.239961.CDS.1910
4036,2018-05-31T16:06:56.524774Z,2019-01-29T09:04:49.914740Z,r0739,Alcohol Dehydrogenase Bile Acid Biosynthesis,nad[c] + xol7ah3[c] <=> h[c] + nadh[c] + xol7ah2al[c] ,1,0.0,,,"PMID:5487878,PMID:6338006,PMID:6379302",,MNXR105375,rxn03282,,,http://identifiers.org/vmhreaction/r0739,,,r0739,R_r0739,,,r0739,Pyruvate metabolism,1,True,True,g.239961.CDS.1560
13115,2018-05-31T16:06:56.524774Z,2019-02-01T14:48:25.779561Z,GLYCt,Glycerol Transport via Channel,glyc[c] <=> glyc[e] ,1,2.0,3A0000000,NCD,PMID:9405233,,MNXR100343,rxn05581,,,http://identifiers.org/vmhreaction/GLYCt,,,GLYCt,,,,GLYCt,"Transport, extracellular",1,True,True,g.239961.CDS.1180
12623,2018-05-31T16:06:56.524774Z,2019-02-01T14:54:48.928264Z,OAASr,"Oxaloacetate synthase, reversible",cit[c] + coa[c] + h[c] <=> accoa[c] + h2o[c] + oaa[c] ,1,,,,,"2.3.3.1,2.3.3.3,4.1.3.7",MNXR1298,rxn00256,,,http://identifiers.org/vmhreaction/OAASr,K01647,COG0372,,,,,,"Valine, leucine, and isoleucine metabolism",1,False,True,g.239961.CDS.141
12158,2018-05-31T16:06:56.524774Z,2019-02-01T14:37:16.407234Z,3OAR9M10,9-methyl-3-oxo-decanoyl-ACPNADP+ oxidoreductase,9m3odcaACP[c] + h[c] + nadph[c] <=> 9m3hdcaACP[c] + nadp[c] ,1,,,,,1.1.1.100,MNXR27667,rxn05393,,,http://identifiers.org/vmhreaction/3OAR9M10,K00059,COG1028,,,,,,Fatty acid synthesis,1,False,True,g.239961.CDS.1129
12158,2018-05-31T16:06:56.524774Z,2019-02-01T14:37:16.407234Z,3OAR9M10,9-methyl-3-oxo-decanoyl-ACPNADP+ oxidoreductase,9m3odcaACP[c] + h[c] + nadph[c] <=> 9m3hdcaACP[c] + nadp[c] ,1,,,,,1.1.1.100,MNXR27667,rxn05393,,,http://identifiers.org/vmhreaction/3OAR9M10,K00059,COG1028,,,,,,Fatty acid synthesis,1,False,True,g.239961.CDS.12
12196,2018-05-31T16:06:56.524774Z,2019-02-01T14:38:14.881498Z,ACCOACL,Acetyl-CoA carbon-dioxide ligase ADP-forming,accoa[c] + btn_co2[c] -> apoC_Lys_btn[c] + malcoa[c] ,0,,,,,6.4.1.2,MNXR48676,rxn06673,,,http://identifiers.org/vmhreaction/ACCOACL,K01962 K01963 K02160,COG0825 COG0777,,,,,,Pyruvate metabolism,1,False,True,g.239961.CDS.1675
20199,2018-05-31T16:06:56.524774Z,2019-01-29T09:00:30.307118Z,PYRCT,S 2 Methyl 3 oxopropanoyl CoA pyruvate carboxyltransferase,mmcoa_S[c] + pyr[c] <=> oaa[c] + ppcoa[c] ,1,,,,,,MNXR84576,rxn00678,,,http://identifiers.org/vmhreaction/PYRCT,,,,,,,,Propanoate metabolism,1,False,True,g.239961.CDS.1760
10946,2018-05-31T16:06:56.524774Z,2019-02-01T14:58:23.191940Z,RBP4E,L-ribulose-phosphate 4-epimerase,ru5p_L[c] <=> xu5p_D[c] ,1,,,,,5.1.3.4,MNXR4588,rxn04082,,,http://identifiers.org/vmhreaction/RBP4E,K01786 K03077 K03080,COG0235,,,,,,Aminosugar metabolism,1,False,True,g.239961.CDS.447
12788,2018-05-31T16:06:56.524774Z,2019-02-01T15:00:09.926957Z,UAGDP,UDP-N-Acetylglucosamine Diphosphorylase,acgam1p[c] + h[c] + utp[c] -> ppi[c] + uacgam[c] ,0,4.0,3A0000269,,PMID:9603950,2.7.7.23,MNXR105033,rxn00293,,,http://identifiers.org/vmhreaction/UAGDP,K00972 K04042 K11528,COG1207,UAGDP,R_UAGDP,,,UAGDP,Cell wall biosynthesis,1,True,True,g.239961.CDS.1481
12634,2018-05-31T16:06:56.524774Z,2019-02-01T14:55:54.179902Z,PGAMT,Phosphoglucosamine mutase,gam1p[c] <=> gam6p[c] ,1,,,,,5.4.2.10,MNXR4183,rxn01485,,,http://identifiers.org/vmhreaction/PGAMT,K03431,COG1109,,,,,,Cell wall biosynthesis,1,False,True,g.239961.CDS.109
20242,2018-05-31T16:06:56.524774Z,2019-02-01T14:40:45.712832Z,ASPKi,"Aspartate kinase, irreversible",asp_L[c] + atp[c] -> 4pasp[c] + adp[c] ,0,,,,,,,,,,http://identifiers.org/vmhreaction/ASPKi,,,,,,,,Arginine and Proline Metabolism,1,False,True,g.239961.CDS.180
13225,2018-05-31T16:06:56.524774Z,2019-01-29T09:16:59.005576Z,ORNabc,Ornithine transport via ABC system,atp[c] + h2o[c] + orn[e] -> adp[c] + h[c] + orn[c] + pi[c] ,0,,,,,,MNXR51005,rxn05156,,,http://identifiers.org/vmhreaction/ORNabc,,,,,,,,"Transport, extracellular",1,False,True,g.239961.CDS.1859
10876,2018-05-31T16:06:56.524774Z,2019-02-01T14:55:12.569201Z,ORNTAC,Ornithine transacetylase,acorn[c] + glu_L[c] <=> acglu[c] + orn[c] ,1,,,,,2.3.1.35,MNXR32051,rxn01636,,,http://identifiers.org/vmhreaction/ORNTAC,K00620,COG1364,,,,,,Urea cycle,1,False,True,g.239961.CDS.523
12231,2018-05-31T16:06:56.524774Z,2019-02-01T14:39:17.825867Z,AGPAT181, 1-octadec-7-enoyl-sn-glycerol 3-phosphate O-acyltransferase (n-C18:1),1odec11eg3p[c] + octeACP[c] -> ACP[c] + pa181[c] ,0,,,,,2.3.1.51,MNXR81588,rxn08089,,,http://identifiers.org/vmhreaction/AGPAT181,K00655,COG0204,,,,,,Glycerophospholipid metabolism,1,False,True,g.239961.CDS.526
12231,2018-05-31T16:06:56.524774Z,2019-02-01T14:39:17.825867Z,AGPAT181, 1-octadec-7-enoyl-sn-glycerol 3-phosphate O-acyltransferase (n-C18:1),1odec11eg3p[c] + octeACP[c] -> ACP[c] + pa181[c] ,0,,,,,2.3.1.51,MNXR81588,rxn08089,,,http://identifiers.org/vmhreaction/AGPAT181,K00655,COG0204,,,,,,Glycerophospholipid metabolism,1,False,True,g.239961.CDS.913
12773,2018-05-31T16:06:56.524774Z,2019-02-01T14:59:48.287585Z,TKT2,Transketolase,e4p[c] + xu5p_D[c] <=> f6p[c] + g3p[c] ,1,0.0,3A0000000,SMP Two reactions for transketolase: TKT1 and TKT2,,2.2.1.1,MNXR104869,rxn00785,R01830,,http://identifiers.org/vmhreaction/TKT2,K00615,COG0021,TKT2,R_TKT2,,,TKT2,Pentose phosphate pathway,1,True,True,g.239961.CDS.1727
13888,2018-05-31T16:06:56.524774Z,2019-01-29T09:00:54.113475Z,RMPA2,Rhamnulose-1-phosphate aldolase (xylulose-1-phosphate),xu1p_L[c] -> dhap[c] + gcald[c] ,0,,,,,4.1.2.19,MNXR55400,rxn01308,,,http://identifiers.org/vmhreaction/RMPA2,K01629,COG0235,,,,,,Fructose and mannose metabolism,1,False,True,g.239961.CDS.518
12743,2018-05-31T16:06:56.524774Z,2019-01-29T09:20:23.296645Z,SDPTA,Succinyldiaminopimelate transaminase,akg[c] + sl26da[c] <=> glu_L[c] + sl2a6o[c] ,1,,,,,2.6.1.17,MNXR32377,rxn03087,,,http://identifiers.org/vmhreaction/SDPTA,K14267 K00821,COG0436 COG4992,,,,,,Arginine and Proline Metabolism,1,False,True,g.239961.CDS.133
10405,2018-05-31T16:06:56.524774Z,2019-02-01T14:39:18.753400Z,AGPR,N-acetyl-g-glutamyl-phosphate reductase,acg5sa[c] + nadp[c] + pi[c] <=> acg5p[c] + h[c] + nadph[c] ,1,,,,,1.2.1.38,MNXR571,rxn02465,,,http://identifiers.org/vmhreaction/AGPR,K00145 K05829 K12659,COG0002 COG0548,,,,,,Urea cycle,1,False,True,g.239961.CDS.384
16731,2018-05-31T16:06:56.524774Z,2019-02-01T14:40:59.223496Z,BTNCLi,"Biotin-carboxyl-carrier-protein carbon-dioxide ligase ADP-forming, irreversible",apoC_Lys_btn[c] + atp[c] + hco3[c] -> adp[c] + btn_co2[c] + h[c] + pi[c] ,0,,,,,,,,,,http://identifiers.org/vmhreaction/BTNCLi,,,,,,,,Biotin metabolism,1,False,True,g.239961.CDS.1554
12604,2018-05-31T16:06:56.524774Z,2019-02-01T14:53:45.723450Z,MTHFD,Methylenetetrahydrofolate Dehydrogenase (NADP),mlthf[c] + nadp[c] <=> methf[c] + nadph[c] ,1,4.0,3A0000134,Human Y/N: Y,PMID:2786332,1.5.1.5,MNXR101749,rxn00907,R01220,22815,http://identifiers.org/vmhreaction/MTHFD,K01491 K00288,COG0190,MTHFD,R_MTHFD,,,MTHFD,Pyrimidine catabolism,1,True,True,g.239961.CDS.633
12603,2018-05-31T16:06:56.524774Z,2019-02-01T14:53:44.350485Z,MTHFC,Methenyltetrahydrofolate Cyclohydrolase,h2o[c] + methf[c] <=> 10fthf[c] + h[c] ,1,4.0,3A0000134,Human Y/N: Y,PMID:2786332,3.5.4.9,MNXR101748,rxn01211,R01655,23703,http://identifiers.org/vmhreaction/MTHFC,K01491 K13403,COG0190,MTHFC,R_MTHFC,,,MTHFC,Folate metabolism,1,True,True,g.239961.CDS.520
12506,2018-05-31T16:06:56.524774Z,2019-02-01T14:48:06.632450Z,GLUR,Glutamate racemase,glu_D[c] <=> glu_L[c] ,1,,,,,5.1.1.3,MNXR31606,rxn00193,,,http://identifiers.org/vmhreaction/GLUR,K01776,COG0796,,,,,,Lysine metabolism,1,False,True,g.239961.CDS.1117
12506,2018-05-31T16:06:56.524774Z,2019-02-01T14:48:06.632450Z,GLUR,Glutamate racemase,glu_D[c] <=> glu_L[c] ,1,,,,,5.1.1.3,MNXR31606,rxn00193,,,http://identifiers.org/vmhreaction/GLUR,K01776,COG0796,,,,,,Glutamate metabolism,1,False,True,g.239961.CDS.1209
12994,2018-05-31T16:06:56.524774Z,2019-02-01T14:42:30.219208Z,DHAD2,"Dihydroxy-acid dehydratase (2,3-dihydroxy-3-methylpentanoate)",23dhmp[c] -> 3mop[c] + h2o[c] ,0,,,,,4.2.1.9,MNXR79704,rxn03437,,,http://identifiers.org/vmhreaction/DHAD2,K01687,COG0129,,,,,,"Valine, leucine, and isoleucine metabolism",1,False,True,g.239961.CDS.41
10085,2018-05-31T16:06:56.524774Z,2019-01-29T09:22:26.212829Z,UAG2EMA,UDP-N-acetyl-D-glucosamine 2-epimerase (Hydrolysis),h2o[c] + uacgam[c] <=> acmana[c] + h[c] + udp[c] ,1,,,,,"3.2.1.183, 5.1.3.14, 5.1.3.7",MNXR105025,rxn00292,R00414,,http://identifiers.org/vmhreaction/UAG2EMA,K01791 K12409,COG0381,,,,,,Aminosugar metabolism,1,False,True,g.239961.CDS.689
13082,2018-05-31T16:06:56.524774Z,2019-02-01T14:46:38.712420Z,G1PTT,Glucose-1-Phosphate Thymidylyltransferase,dttp[c] + g1p[c] + h[c] -> dtdpglu[c] + ppi[c] ,0,2.0,3A0000000,JLR,,2.7.7.24,MNXR69063,rxn01675,,,http://identifiers.org/vmhreaction/G1PTT,K00973,COG1209,G1PTT,,,,,Nucleotide sugar metabolism,1,True,True,g.239961.CDS.1422
13082,2018-05-31T16:06:56.524774Z,2019-02-01T14:46:38.712420Z,G1PTT,Glucose-1-Phosphate Thymidylyltransferase,dttp[c] + g1p[c] + h[c] -> dtdpglu[c] + ppi[c] ,0,2.0,3A0000000,JLR,,2.7.7.24,MNXR69063,rxn01675,,,http://identifiers.org/vmhreaction/G1PTT,K00973,COG1209,G1PTT,,,,,Nucleotide sugar metabolism,1,True,True,g.239961.CDS.153
12486,2018-05-31T16:06:56.524774Z,2019-02-01T14:46:55.795209Z,G3PD2,Glycerol-3-phosphate dehydrogenase (NADP),glyc3p[c] + nadp[c] <=> dhap[c] + h[c] + nadph[c] ,1,,,,,1.1.1.94,MNXR99877,rxn00612,R00844,11099,http://identifiers.org/vmhreaction/G3PD2,K00096,COG0240,,,,,,Glycerophospholipid metabolism,1,False,True,g.239961.CDS.892
13112,2018-05-31T16:06:56.524774Z,2019-02-01T14:48:21.782098Z,GLYC3Pabc,Sn-Glycerol 3-phosphate transport via ABC system,atp[c] + glyc3p[e] + h2o[c] -> adp[c] + glyc3p[c] + h[c] + pi[c] ,0,,,,,,MNXR2750,rxn05158,,,http://identifiers.org/vmhreaction/GLYC3Pabc,,,,,,,,"Transport, extracellular",1,False,True,g.239961.CDS.758
13282,2018-05-31T16:06:56.524774Z,2019-02-01T14:59:19.273374Z,TDPGDH,"DTDPglucose 4, 6-Dehydratase",dtdpglu[c] -> dtdp4d6dg[c] + h2o[c] ,0,2.0,3A0000254,JLR,PMID:12477932,4.2.1.46,MNXR5009,rxn01997,,,http://identifiers.org/vmhreaction/TDPGDH,K01710,COG1088,TDPGDH,,,,,Ascorbate and aldarate metabolism,1,True,True,g.239961.CDS.1636
13282,2018-05-31T16:06:56.524774Z,2019-02-01T14:59:19.273374Z,TDPGDH,"DTDPglucose 4, 6-Dehydratase",dtdpglu[c] -> dtdp4d6dg[c] + h2o[c] ,0,2.0,3A0000254,JLR,PMID:12477932,4.2.1.46,MNXR5009,rxn01997,,,http://identifiers.org/vmhreaction/TDPGDH,K01710,COG1088,TDPGDH,,,,,Ascorbate and aldarate metabolism,1,True,True,g.239961.CDS.1802
13094,2018-05-31T16:06:56.524774Z,2019-02-01T14:47:04.271887Z,GALT,Galactose-1-Phosphate Uridylyltransferase,gal1p[c] + h[c] + utp[c] <=> ppi[c] + udpgal[c] ,1,0.0,3A0000000,,PMID:1427861,"2.7.7.10, 2.7.7.64",MNXR100014,rxn00355,R00502,14212,http://identifiers.org/vmhreaction/GALT,K00964,,GALT,R_GALT,,,,Galactose metabolism,1,True,True,g.239961.CDS.469
12492,2018-05-31T16:06:56.524774Z,2019-01-29T08:46:35.517279Z,GALU,UTP-Glucose-1-Phosphate Uridylyltransferase,g1p[c] + h[c] + utp[c] <=> ppi[c] + udpg[c] ,1,0.0,3A0000134,Human Y/N: Y,PMID:9119383,2.7.7.9,MNXR69105,rxn00213,,,http://identifiers.org/vmhreaction/GALU,K00963,COG1210,GALU,R_GALU,,,GALU,Galactose metabolism,1,True,True,g.239961.CDS.1855
12904,2018-05-31T16:06:56.524774Z,2019-02-01T15:00:59.445509Z,r0339,ATP:(R)-Glycerate 3-Phosphotransferase Ec:2.7.1.31,atp[c] + glyc_R[c] -> 3pg[c] + adp[c] + h[c] ,0,0.0,,,"PMID:16753811,PMID:216417,PMID:2537226,PMID:6252205",2.7.1.31,MNXR2756,rxn01102,,,http://identifiers.org/vmhreaction/r0339,K00865 K15788 K15918,COG1929 COG4240,r0339,R_r0339,,,r0339,Vitamin B6 metabolism,1,True,True,g.239961.CDS.140
13247,2018-05-31T16:06:56.524774Z,2019-01-29T09:00:25.119515Z,PYDXNK,Pyridoxine Kinase,atp[c] + pydxn[c] -> adp[c] + h[c] + pdx5p[c] ,0,4.0,3A0000269,,,2.7.1.35,MNXR103362,rxn01396,R01909,25111,http://identifiers.org/vmhreaction/PYDXNK,K00868,COG2240,PYDXNK,R_PYDXNK,,,PYDXNK,Vitamin B6 metabolism,1,True,True,g.239961.CDS.1248
13497,2018-05-31T16:06:56.524774Z,2019-01-29T08:56:36.001308Z,OMCDC, 2-Oxo-4-methyl-3-carboxypentanoate decarboxylation,3c4mop[c] + h[c] -> 4mop[c] + co2[c] ,0,,,,,1.1.1.85,MNXR3962,rxn01208,,,http://identifiers.org/vmhreaction/OMCDC,K00052,COG0473,,,,,,"Valine, leucine, and isoleucine metabolism",1,False,True,g.239961.CDS.236
12866,2018-05-31T16:06:56.524774Z,2019-02-01T14:54:43.996219Z,NTD9,5'-Nucleotidase (GMP),gmp[c] + h2o[c] -> gsn[c] + pi[c] ,0,2.0,3A0000134,Wide specificity for 5'-nucleotides Also see EC 3.1.3.31,PMID:8450671,3.1.3.5,MNXR100381,rxn00913,R01227,27717,http://identifiers.org/vmhreaction/NTD9,K01081 K03787 K08722 K08723 K11751,COG0737 COG0496 COG1011,NTD9,R_NTD9,,,NTD9,Pyrimidine catabolism,1,True,True,g.239961.CDS.1231
12866,2018-05-31T16:06:56.524774Z,2019-02-01T14:54:43.996219Z,NTD9,5'-Nucleotidase (GMP),gmp[c] + h2o[c] -> gsn[c] + pi[c] ,0,2.0,3A0000134,Wide specificity for 5'-nucleotides Also see EC 3.1.3.31,PMID:8450671,3.1.3.5,MNXR100381,rxn00913,R01227,27717,http://identifiers.org/vmhreaction/NTD9,K01081 K03787 K08722 K08723 K11751,COG0737 COG0496 COG1011,NTD9,R_NTD9,,,NTD9,Pyrimidine catabolism,1,True,True,g.239961.CDS.780
12677,2018-05-31T16:06:56.524774Z,2019-02-01T14:57:08.544768Z,PPA,Inorganic Diphosphatase,h2o[c] + ppi[c] -> h[c] + 2.0 pi[c] ,0,4.0,3A0000269,,"PMID:10542310,PMID:15533045",3.6.1.1,MNXR100808,rxn00001,R00004,24579,http://identifiers.org/vmhreaction/PPA,K01507,COG0221,,R_PPA,,,PPA,Oxidative phosphorylation,1,True,True,g.239961.CDS.1611
12677,2018-05-31T16:06:56.524774Z,2019-02-01T14:57:08.544768Z,PPA,Inorganic Diphosphatase,h2o[c] + ppi[c] -> h[c] + 2.0 pi[c] ,0,4.0,3A0000269,,"PMID:10542310,PMID:15533045",3.6.1.1,MNXR100808,rxn00001,R00004,24579,http://identifiers.org/vmhreaction/PPA,K01507,COG0221,,R_PPA,,,PPA,Oxidative phosphorylation,1,True,True,g.239961.CDS.1679
12690,2018-05-31T16:06:56.524774Z,2019-02-01T14:57:35.912076Z,PRPPS,Phosphoribosylpyrophosphate Synthetase,atp[c] + r5p[c] <=> amp[c] + h[c] + prpp[c] ,1,0.0,3A0000000,,,2.7.6.1,MNXR103215,rxn00770,,,http://identifiers.org/vmhreaction/PRPPS,K00948,COG0462,PRPPS,R_PRPPS,,,PRPPS,Pentose phosphate pathway,1,True,True,g.239961.CDS.1569
12690,2018-05-31T16:06:56.524774Z,2019-02-01T14:57:35.912076Z,PRPPS,Phosphoribosylpyrophosphate Synthetase,atp[c] + r5p[c] <=> amp[c] + h[c] + prpp[c] ,1,0.0,3A0000000,,,2.7.6.1,MNXR103215,rxn00770,,,http://identifiers.org/vmhreaction/PRPPS,K00948,COG0462,PRPPS,R_PRPPS,,,PRPPS,Pentose phosphate pathway,1,True,True,g.239961.CDS.1814
12738,2018-05-31T16:06:56.524774Z,2019-01-29T09:20:04.581375Z,RNDR4,Ribonucleoside-Diphosphate Reductase (UDP),trdrd[c] + udp[c] -> dudp[c] + h2o[c] + trdox[c] ,0,2.0,3A0000254,,PMID:14729598,1.17.4.1,MNXR104066,rxn06075,R02018,,http://identifiers.org/vmhreaction/RNDR4,K00524 K00525 K00526,COG0209 COG0208,RNDR4,R_RNDR4,,,RNDR4,Nucleotide interconversion,1,True,True,g.239961.CDS.1002
13259,2018-05-31T16:06:56.524774Z,2019-02-01T14:58:38.531408Z,RNTR4,Ribonucleoside-triphosphate reductase (UTP),trdrd[c] + utp[c] -> dutp[c] + h2o[c] + trdox[c] ,0,,,,,1.17.4.2,MNXR104079,rxn05236,R02023,,http://identifiers.org/vmhreaction/RNTR4,K00527,COG1328,,,,,,Nucleotide interconversion,1,False,True,g.239961.CDS.49
12738,2018-05-31T16:06:56.524774Z,2019-01-29T09:20:04.581375Z,RNDR4,Ribonucleoside-Diphosphate Reductase (UDP),trdrd[c] + udp[c] -> dudp[c] + h2o[c] + trdox[c] ,0,2.0,3A0000254,,PMID:14729598,1.17.4.1,MNXR104066,rxn06075,R02018,,http://identifiers.org/vmhreaction/RNDR4,K00524 K00525 K00526,COG0209 COG0208,RNDR4,R_RNDR4,,,RNDR4,Nucleotide interconversion,1,True,True,g.239961.CDS.1903
12808,2018-05-31T16:06:56.524774Z,2019-02-01T15:00:54.254556Z,ZNabc,Zinc transport via ABC system,atp[c] + h2o[c] + zn2[e] -> adp[c] + h[c] + pi[c] + zn2[c] ,0,,,,,"TC-3.A.1.15,3.A.1.15",MNXR5385,rxn13918,,,http://identifiers.org/vmhreaction/ZNabc,,,,,,,,"Transport, extracellular",1,False,True,g.239961.CDS.154
12808,2018-05-31T16:06:56.524774Z,2019-02-01T15:00:54.254556Z,ZNabc,Zinc transport via ABC system,atp[c] + h2o[c] + zn2[e] -> adp[c] + h[c] + pi[c] + zn2[c] ,0,,,,,"TC-3.A.1.15,3.A.1.15",MNXR5385,rxn13918,,,http://identifiers.org/vmhreaction/ZNabc,,,,,,,,"Transport, extracellular",1,False,True,g.239961.CDS.234
12808,2018-05-31T16:06:56.524774Z,2019-02-01T15:00:54.254556Z,ZNabc,Zinc transport via ABC system,atp[c] + h2o[c] + zn2[e] -> adp[c] + h[c] + pi[c] + zn2[c] ,0,,,,,"TC-3.A.1.15,3.A.1.15",MNXR5385,rxn13918,,,http://identifiers.org/vmhreaction/ZNabc,,,,,,,,"Transport, extracellular",1,False,True,g.239961.CDS.1803
12808,2018-05-31T16:06:56.524774Z,2019-02-01T15:00:54.254556Z,ZNabc,Zinc transport via ABC system,atp[c] + h2o[c] + zn2[e] -> adp[c] + h[c] + pi[c] + zn2[c] ,0,,,,,"TC-3.A.1.15,3.A.1.15",MNXR5385,rxn13918,,,http://identifiers.org/vmhreaction/ZNabc,,,,,,,,"Transport, extracellular",1,False,True,g.239961.CDS.752
12810,2018-05-31T16:06:56.524774Z,2019-02-01T15:00:56.725874Z,pbiosynthesis,Protein biosynthesis c0,-> proteinsynth[c] ,0,,,,,,,rxn13782,,,http://identifiers.org/vmhreaction/pbiosynthesis,,,,,,,,Exchange/demand reaction,0,False,True,g.239961.CDS.1050
12810,2018-05-31T16:06:56.524774Z,2019-02-01T15:00:56.725874Z,pbiosynthesis,Protein biosynthesis c0,-> proteinsynth[c] ,0,,,,,,,rxn13782,,,http://identifiers.org/vmhreaction/pbiosynthesis,,,,,,,,Exchange/demand reaction,0,False,True,g.239961.CDS.640
12810,2018-05-31T16:06:56.524774Z,2019-02-01T15:00:56.725874Z,pbiosynthesis,Protein biosynthesis c0,-> proteinsynth[c] ,0,,,,,,,rxn13782,,,http://identifiers.org/vmhreaction/pbiosynthesis,,,,,,,,Exchange/demand reaction,0,False,True,g.239961.CDS.1224
12810,2018-05-31T16:06:56.524774Z,2019-02-01T15:00:56.725874Z,pbiosynthesis,Protein biosynthesis c0,-> proteinsynth[c] ,0,,,,,,,rxn13782,,,http://identifiers.org/vmhreaction/pbiosynthesis,,,,,,,,Exchange/demand reaction,0,False,True,g.239961.CDS.443
12810,2018-05-31T16:06:56.524774Z,2019-02-01T15:00:56.725874Z,pbiosynthesis,Protein biosynthesis c0,-> proteinsynth[c] ,0,,,,,,,rxn13782,,,http://identifiers.org/vmhreaction/pbiosynthesis,,,,,,,,Exchange/demand reaction,0,False,True,g.239961.CDS.376
12810,2018-05-31T16:06:56.524774Z,2019-02-01T15:00:56.725874Z,pbiosynthesis,Protein biosynthesis c0,-> proteinsynth[c] ,0,,,,,,,rxn13782,,,http://identifiers.org/vmhreaction/pbiosynthesis,,,,,,,,Exchange/demand reaction,0,False,True,g.239961.CDS.596
11722,2018-05-31T16:06:56.524774Z,2019-02-01T14:53:42.619851Z,MOHMT, 3-methyl-2-oxobutanoate hydroxymethyltransferase,3mob[c] + h2o[c] + mlthf[c] -> 2dhp[c] + thf[c] ,0,,,,,2.1.2.11,MNXR3626,rxn00912,,,http://identifiers.org/vmhreaction/MOHMT,K00606,COG0413,,,,,,CoA synthesis,1,False,True,g.239961.CDS.1533
20239,2018-05-31T16:06:56.524774Z,2019-01-29T09:04:14.686893Z,XPPT,Xanthine phosphoribosyltransferase,prpp[c] + xan[c] -> ppi[c] + xmp[c] ,0,,,,,"2.4.2.22, 2.4.2.8",MNXR105243,,R02142,,http://identifiers.org/vmhreaction/XPPT,,,,,,,,Nucleotide salvage pathway,1,False,True,g.239961.CDS.999
20239,2018-05-31T16:06:56.524774Z,2019-01-29T09:04:14.686893Z,XPPT,Xanthine phosphoribosyltransferase,prpp[c] + xan[c] -> ppi[c] + xmp[c] ,0,,,,,"2.4.2.22, 2.4.2.8",MNXR105243,,R02142,,http://identifiers.org/vmhreaction/XPPT,,,,,,,,NAD metabolism,1,False,True,g.239961.CDS.210
12946,2018-05-31T16:06:56.524774Z,2019-02-01T14:39:36.033317Z,AIRC4,Phosphoribosylaminoimidazole carboxylase,air[c] + atp[c] + hco3[c] -> 5aizc[c] + adp[c] + h[c] + pi[c] ,0,,,,,4.1.1.21,MNXR79878,rxn05229,,,http://identifiers.org/vmhreaction/AIRC4,K11808,,,,,,,Purine catabolism,1,False,True,g.239961.CDS.1477
12946,2018-05-31T16:06:56.524774Z,2019-02-01T14:39:36.033317Z,AIRC4,Phosphoribosylaminoimidazole carboxylase,air[c] + atp[c] + hco3[c] -> 5aizc[c] + adp[c] + h[c] + pi[c] ,0,,,,,4.1.1.21,MNXR79878,rxn05229,,,http://identifiers.org/vmhreaction/AIRC4,K11808,,,,,,,Purine catabolism,1,False,True,g.239961.CDS.1598
10370,2018-05-31T16:06:56.524774Z,2019-02-01T14:38:26.353407Z,ACLS_b,2-Acetolactate pyruvate-lyase (carboxylating),alac_S[c] + thmpp[c] <=> hethmpp[c] + pyr[c] ,1,,,,,2.2.1.6,MNXR70454,rxn02185,,,http://identifiers.org/vmhreaction/ACLS_b,K01652 K01653,COG0028 COG0440,,,,,,"Valine, leucine, and isoleucine metabolism",1,False,True,g.239961.CDS.341
10370,2018-05-31T16:06:56.524774Z,2019-02-01T14:38:26.353407Z,ACLS_b,2-Acetolactate pyruvate-lyase (carboxylating),alac_S[c] + thmpp[c] <=> hethmpp[c] + pyr[c] ,1,,,,,2.2.1.6,MNXR70454,rxn02185,,,http://identifiers.org/vmhreaction/ACLS_b,K01652 K01653,COG0028 COG0440,,,,,,"Valine, leucine, and isoleucine metabolism",1,False,True,g.239961.CDS.293
12678,2018-05-31T16:06:56.524774Z,2019-02-01T14:57:09.724681Z,PPAKr,Propionate kinase,adp[c] + ppap[c] <=> atp[c] + ppa[c] ,1,,,,,2.7.2.1,MNXR4375,rxn00985,,,http://identifiers.org/vmhreaction/PPAKr,K00932 K00925,COG0282,,,,,,Pyruvate metabolism,1,False,True,g.239961.CDS.311
12273,2018-05-31T16:06:56.524774Z,2019-02-01T14:40:50.818037Z,ATPS4,ATP synthase (four protons for one ATP),adp[c] + 4.0 h[e] + pi[c] -> atp[c] + 3.0 h[c] + h2o[c] ,0,,,,,3.6.3.14,MNXR81785,rxn10042,,,http://identifiers.org/vmhreaction/ATPS4,K02111 K02112,COG0056 COG0055 COG0355,,,,,,Energy metabolism,1,False,True,g.239961.CDS.1220
12637,2018-05-31T16:06:56.524774Z,2019-02-01T14:55:58.292806Z,PGK,Phosphoglycerate Kinase,3pg[c] + atp[c] <=> 13dpg[c] + adp[c] ,1,0.0,3A0000134,,,2.7.2.3,MNXR102538,rxn01100,R01512,14804,http://identifiers.org/vmhreaction/PGK,K00927,COG0126,PGK,R_PGK,,,PGK,Glycolysis/gluconeogenesis,1,True,True,g.239961.CDS.1076
12639,2018-05-31T16:06:56.524774Z,2019-02-01T14:56:01.548650Z,PGM,Phosphoglycerate Mutase,2pg[c] <=> 3pg[c] ,1,0.0,3A0000134,SMP,"PMID:254224,PMID:28245076,PMID:28245077","5.4.2.1, 5.4.2.11, 5.4.2.12",MNXR102547,rxn01106,R01518,15904,http://identifiers.org/vmhreaction/PGM,K01834 K15633 K15634 K15635 K01837,COG0588 COG0696 COG0406 COG3635,PGM,R_PGM,,,PGM,Glycolysis/gluconeogenesis,1,True,True,g.239961.CDS.1442
12273,2018-05-31T16:06:56.524774Z,2019-02-01T14:40:50.818037Z,ATPS4,ATP synthase (four protons for one ATP),adp[c] + 4.0 h[e] + pi[c] -> atp[c] + 3.0 h[c] + h2o[c] ,0,,,,,3.6.3.14,MNXR81785,rxn10042,,,http://identifiers.org/vmhreaction/ATPS4,K02111 K02112,COG0056 COG0055 COG0355,,,,,,Energy metabolism,1,False,True,g.239961.CDS.1475
12273,2018-05-31T16:06:56.524774Z,2019-02-01T14:40:50.818037Z,ATPS4,ATP synthase (four protons for one ATP),adp[c] + 4.0 h[e] + pi[c] -> atp[c] + 3.0 h[c] + h2o[c] ,0,,,,,3.6.3.14,MNXR81785,rxn10042,,,http://identifiers.org/vmhreaction/ATPS4,K02111 K02112,COG0056 COG0055 COG0355,,,,,,Energy metabolism,1,False,True,g.239961.CDS.1580
12273,2018-05-31T16:06:56.524774Z,2019-02-01T14:40:50.818037Z,ATPS4,ATP synthase (four protons for one ATP),adp[c] + 4.0 h[e] + pi[c] -> atp[c] + 3.0 h[c] + h2o[c] ,0,,,,,3.6.3.14,MNXR81785,rxn10042,,,http://identifiers.org/vmhreaction/ATPS4,K02111 K02112,COG0056 COG0055 COG0355,,,,,,Energy metabolism,1,False,True,g.239961.CDS.1831
12273,2018-05-31T16:06:56.524774Z,2019-02-01T14:40:50.818037Z,ATPS4,ATP synthase (four protons for one ATP),adp[c] + 4.0 h[e] + pi[c] -> atp[c] + 3.0 h[c] + h2o[c] ,0,,,,,3.6.3.14,MNXR81785,rxn10042,,,http://identifiers.org/vmhreaction/ATPS4,K02111 K02112,COG0056 COG0055 COG0355,,,,,,Energy metabolism,1,False,True,g.239961.CDS.988
9571,2018-05-31T16:06:56.524774Z,2019-02-01T14:44:34.852114Z,ETHAAL,Ethanolamine ammonia-lyase,etha[c] -> acald[c] + nh4[c] ,0,,,,,4.3.1.7,MNXR97968,rxn00539,R00749,15316,http://identifiers.org/vmhreaction/ETHAAL,K03735 K03736 K04019,COG4302,,,,,,Purine synthesis,1,False,True,g.239961.CDS.869
10409,2018-05-31T16:06:56.524774Z,2019-02-01T14:39:23.182539Z,AHEXASE3,Hexosaminidase,chtbs[c] + h2o[c] <=> 2.0 acgam[c] ,1,,,,,3.2.1.52,MNXR5635,rxn00016,,,http://identifiers.org/vmhreaction/AHEXASE3,K01207,COG1472,,,,,,Aminosugar metabolism,1,False,True,g.239961.CDS.285
10409,2018-05-31T16:06:56.524774Z,2019-02-01T14:39:23.182539Z,AHEXASE3,Hexosaminidase,chtbs[c] + h2o[c] <=> 2.0 acgam[c] ,1,,,,,3.2.1.52,MNXR5635,rxn00016,,,http://identifiers.org/vmhreaction/AHEXASE3,K01207,COG1472,,,,,,Aminosugar metabolism,1,False,True,g.239961.CDS.67
12249,2018-05-31T16:06:56.524774Z,2019-02-01T14:39:56.413165Z,ALAR,Alanine Racemase,ala_L[c] <=> ala_D[c] ,1,1.0,3A0000212,,,5.1.1.1,MNXR95693,rxn00283,R00401,20252,http://identifiers.org/vmhreaction/ALAR,K01775,COG0787,ALAR,R_ALAR,,PROSC,,Alanine and aspartate metabolism,1,True,True,g.239961.CDS.1235
12249,2018-05-31T16:06:56.524774Z,2019-02-01T14:39:56.413165Z,ALAR,Alanine Racemase,ala_L[c] <=> ala_D[c] ,1,1.0,3A0000212,,,5.1.1.1,MNXR95693,rxn00283,R00401,20252,http://identifiers.org/vmhreaction/ALAR,K01775,COG0787,ALAR,R_ALAR,,PROSC,,Alanine and aspartate metabolism,1,True,True,g.239961.CDS.1583
12249,2018-05-31T16:06:56.524774Z,2019-02-01T14:39:56.413165Z,ALAR,Alanine Racemase,ala_L[c] <=> ala_D[c] ,1,1.0,3A0000212,,,5.1.1.1,MNXR95693,rxn00283,R00401,20252,http://identifiers.org/vmhreaction/ALAR,K01775,COG0787,ALAR,R_ALAR,,PROSC,,Alanine and aspartate metabolism,1,True,True,g.239961.CDS.1771
13224,2018-05-31T16:06:56.524774Z,2019-02-01T14:55:11.649087Z,ORNDC,Ornithine Decarboxylase,h[c] + orn[c] -> co2[c] + ptrc[c] ,0,4.0,3A0000269,JLR- added proton to balance,PMID:2317811,4.1.1.17,MNXR102209,rxn00470,R00670,22967,http://identifiers.org/vmhreaction/ORNDC,K01581,COG1982,ORNDC,R_ORNDC,,,ORNDC,Lysine metabolism,1,True,True,g.239961.CDS.1907
12582,2018-05-31T16:06:56.524774Z,2019-01-29T09:29:24.936745Z,LYSt3r,L-lysine transport out via proton antiport reversible,h[e] + lys_L[c] <=> h[c] + lys_L[e] ,1,,,,,,MNXR3355,rxn05305,,,http://identifiers.org/vmhreaction/LYSt3r,,,,,,,,"Transport, extracellular",1,False,True,g.239961.CDS.585
12458,2018-05-31T16:06:56.524774Z,2019-01-29T08:45:25.188839Z,FERO,Ferroxidase,4.0 fe2[c] + 4.0 h[c] + o2[c] -> 4.0 fe3[c] + 2.0 h2o[c] ,0,4.0,,,"Sareen S. Gropper, Jack L. Smith, James L. Groff (2009) Advanced nutrition and human metabolism, Wadsworth cengage learning, 5th edition, page 472-476.",,MNXR2250,rxn00056,,,http://identifiers.org/vmhreaction/FERO,K00522 K02217 K13624 K13625,COG1528,,R_FERO,,Hephaestin,,"Transport, extracellular",1,True,True,g.239961.CDS.16
12458,2018-05-31T16:06:56.524774Z,2019-01-29T08:45:25.188839Z,FERO,Ferroxidase,4.0 fe2[c] + 4.0 h[c] + o2[c] -> 4.0 fe3[c] + 2.0 h2o[c] ,0,4.0,,,"Sareen S. Gropper, Jack L. Smith, James L. Groff (2009) Advanced nutrition and human metabolism, Wadsworth cengage learning, 5th edition, page 472-476.",,MNXR2250,rxn00056,,,http://identifiers.org/vmhreaction/FERO,K00522 K02217 K13624 K13625,COG1528,,R_FERO,,Hephaestin,,"Transport, extracellular",1,True,True,g.239961.CDS.2
12456,2018-05-31T16:06:56.524774Z,2019-02-01T14:46:12.341561Z,FE2abc,Iron (II) transport via ABC system,atp[c] + fe2[e] + h2o[c] -> adp[c] + fe2[c] + h[c] + pi[c] ,0,,,,,,MNXR2211,rxn05555,,,http://identifiers.org/vmhreaction/FE2abc,,COG0370,,,,,,"Transport, extracellular",1,False,True,g.239961.CDS.584
10657,2018-05-31T16:06:56.524774Z,2019-01-29T09:14:09.011647Z,GART,GAR transformylase-T,atp[c] + for[c] + gar[c] -> adp[c] + fgam[c] + h[c] + pi[c] ,0,,,,,2.1.2.-,MNXR2552,rxn04783,,,http://identifiers.org/vmhreaction/GART,K00607,COG0027,,,,,,Purine synthesis,1,False,True,g.239961.CDS.692
12533,2018-05-31T16:06:56.524774Z,2019-02-01T14:48:56.783847Z,GMPS2,GMP Synthase,atp[c] + gln_L[c] + h2o[c] + xmp[c] -> amp[c] + glu_L[c] + gmp[c] + 2.0 h[c] + ppi[c] ,0,4.0,3A0000269,,,6.3.5.2,MNXR100384,rxn00917,R01231,11683,http://identifiers.org/vmhreaction/GMPS2,K01951,COG0518 COG0519,GMPS2,R_GMPS2,,,GMPS2,Nucleotide interconversion,1,True,True,g.239961.CDS.620
12533,2018-05-31T16:06:56.524774Z,2019-02-01T14:48:56.783847Z,GMPS2,GMP Synthase,atp[c] + gln_L[c] + h2o[c] + xmp[c] -> amp[c] + glu_L[c] + gmp[c] + 2.0 h[c] + ppi[c] ,0,4.0,3A0000269,,,6.3.5.2,MNXR100384,rxn00917,R01231,11683,http://identifiers.org/vmhreaction/GMPS2,K01951,COG0518 COG0519,GMPS2,R_GMPS2,,,GMPS2,Nucleotide interconversion,1,True,True,g.239961.CDS.665
12685,2018-05-31T16:06:56.524774Z,2019-02-01T14:57:23.702746Z,PRAGS,Phosphoribosylglycinamide synthetase,atp[c] + gly[c] + pram[c] -> adp[c] + gar[c] + h[c] + pi[c] ,0,,,,,6.3.4.13,MNXR69784,rxn02895,,,http://identifiers.org/vmhreaction/PRAGS,K01945 K11787 K11788 K13713,COG0152 COG0151,,,,,,Purine synthesis,1,False,True,g.239961.CDS.1115
13240,2018-05-31T16:06:56.524774Z,2019-02-01T14:57:28.058956Z,PRASCSi,Phosphoribosylaminoimidazolesuccinocarboxamide synthase,5aizc[c] + asp_L[c] + atp[c] -> 25aics[c] + adp[c] + h[c] + pi[c] ,0,,,,,6.3.2.6,MNXR103158,rxn03147,,,http://identifiers.org/vmhreaction/PRASCSi,K01923 K01587 K13713,COG0152 COG0151,,,,,,Purine synthesis,1,False,True,g.239961.CDS.1582
10751,2018-05-31T16:06:56.524774Z,2019-02-01T14:50:45.275279Z,IPPMIb, 2-isopropylmalate hydratase,2ippm[c] + h2o[c] <=> 3c3hmp[c] ,1,,,,,4.2.1.33,MNXR3133,rxn02811,,,http://identifiers.org/vmhreaction/IPPMIb,K01702 K01703 K01704,COG0065 COG0066,,,,,,"Valine, leucine, and isoleucine metabolism",1,False,True,g.239961.CDS.6
10751,2018-05-31T16:06:56.524774Z,2019-02-01T14:50:45.275279Z,IPPMIb, 2-isopropylmalate hydratase,2ippm[c] + h2o[c] <=> 3c3hmp[c] ,1,,,,,4.2.1.33,MNXR3133,rxn02811,,,http://identifiers.org/vmhreaction/IPPMIb,K01702 K01703 K01704,COG0065 COG0066,,,,,,"Valine, leucine, and isoleucine metabolism",1,False,True,g.239961.CDS.852
12633,2018-05-31T16:06:56.524774Z,2019-02-01T14:55:46.127723Z,PEPGLY,Peptidoglycan subunit synthesis,h[c] + PGPm1[c] + uaagmda[c] -> co2[c] + PGP[c] + udcpdp[c] ,0,,,,,,MNXR67415,rxn10199,,,http://identifiers.org/vmhreaction/PEPGLY,,,,,,,,Cell wall biosynthesis,1,False,True,g.239961.CDS.261
12633,2018-05-31T16:06:56.524774Z,2019-02-01T14:55:46.127723Z,PEPGLY,Peptidoglycan subunit synthesis,h[c] + PGPm1[c] + uaagmda[c] -> co2[c] + PGP[c] + udcpdp[c] ,0,,,,,,MNXR67415,rxn10199,,,http://identifiers.org/vmhreaction/PEPGLY,,,,,,,,Cell wall biosynthesis,1,False,True,g.239961.CDS.44
12633,2018-05-31T16:06:56.524774Z,2019-02-01T14:55:46.127723Z,PEPGLY,Peptidoglycan subunit synthesis,h[c] + PGPm1[c] + uaagmda[c] -> co2[c] + PGP[c] + udcpdp[c] ,0,,,,,,MNXR67415,rxn10199,,,http://identifiers.org/vmhreaction/PEPGLY,,,,,,,,Cell wall biosynthesis,1,False,True,g.239961.CDS.599
12666,2018-05-31T16:06:56.524774Z,2019-02-01T14:56:49.993269Z,PGSAI17,Isoheptadecanoyl-CDPdiacylglycerolsn-glycerol-3-phosphate 3-phosphatidyltransferase,cdpdihpdecg[c] + glyc3p[c] -> cmp[c] + h[c] + pgpi17[c] ,0,,,,,2.7.8.5,MNXR28716,rxn10259,,,http://identifiers.org/vmhreaction/PGSAI17,K00995,COG0558,,,,,,Glycerophospholipid metabolism,1,False,True,g.239961.CDS.1113
12666,2018-05-31T16:06:56.524774Z,2019-02-01T14:56:49.993269Z,PGSAI17,Isoheptadecanoyl-CDPdiacylglycerolsn-glycerol-3-phosphate 3-phosphatidyltransferase,cdpdihpdecg[c] + glyc3p[c] -> cmp[c] + h[c] + pgpi17[c] ,0,,,,,2.7.8.5,MNXR28716,rxn10259,,,http://identifiers.org/vmhreaction/PGSAI17,K00995,COG0558,,,,,,Glycerophospholipid metabolism,1,False,True,g.239961.CDS.1319
12666,2018-05-31T16:06:56.524774Z,2019-02-01T14:56:49.993269Z,PGSAI17,Isoheptadecanoyl-CDPdiacylglycerolsn-glycerol-3-phosphate 3-phosphatidyltransferase,cdpdihpdecg[c] + glyc3p[c] -> cmp[c] + h[c] + pgpi17[c] ,0,,,,,2.7.8.5,MNXR28716,rxn10259,,,http://identifiers.org/vmhreaction/PGSAI17,K00995,COG0558,,,,,,Glycerophospholipid metabolism,1,False,True,g.239961.CDS.1364
12738,2018-05-31T16:06:56.524774Z,2019-01-29T09:20:04.581375Z,RNDR4,Ribonucleoside-Diphosphate Reductase (UDP),trdrd[c] + udp[c] -> dudp[c] + h2o[c] + trdox[c] ,0,2.0,3A0000254,,PMID:14729598,1.17.4.1,MNXR104066,rxn06075,R02018,,http://identifiers.org/vmhreaction/RNDR4,K00524 K00525 K00526,COG0209 COG0208,RNDR4,R_RNDR4,,,RNDR4,Nucleotide interconversion,1,True,True,g.239961.CDS.1378
12738,2018-05-31T16:06:56.524774Z,2019-01-29T09:20:04.581375Z,RNDR4,Ribonucleoside-Diphosphate Reductase (UDP),trdrd[c] + udp[c] -> dudp[c] + h2o[c] + trdox[c] ,0,2.0,3A0000254,,PMID:14729598,1.17.4.1,MNXR104066,rxn06075,R02018,,http://identifiers.org/vmhreaction/RNDR4,K00524 K00525 K00526,COG0209 COG0208,RNDR4,R_RNDR4,,,RNDR4,Nucleotide interconversion,1,True,True,g.239961.CDS.1393
